{"cameraMode":{"drawMode":0,"name":"Shaded","section":"Shading Mode"},"sceneLighting":true,"audioPlay":false,"sceneViewState":{"showFog":true,"showMaterialUpdate":true,"showSkybox":true,"showFlares":true,"showImageEffects":true,"showParticleSystems":true,"showVisualEffectGraphs":true,"m_FxEnabled":true},"in2DMode":false,"pivot":{"x":-0.11262494325637818,"y":1.900047779083252,"z":2.9328603744506838},"rotation":{"x":-0.2597607374191284,"y":-0.016244031488895417,"z":0.0043614646419882778,"w":-0.9655361175537109},"size":4.22474479675293,"orthographic":false}