{"cameraMode":{"drawMode":0,"name":"Shaded","section":"Shading Mode"},"sceneLighting":true,"audioPlay":false,"sceneViewState":{"showFog":true,"showMaterialUpdate":true,"showSkybox":true,"showFlares":true,"showImageEffects":true,"showParticleSystems":true,"showVisualEffectGraphs":true,"m_FxEnabled":true},"in2DMode":false,"pivot":{"x":0.6779113411903381,"y":-2.7474851608276369,"z":-0.27222633361816409},"rotation":{"x":0.0014572603395208717,"y":-0.7965686321258545,"z":0.6045621633529663,"w":0.001937658991664648},"size":5.853120803833008,"orthographic":false}