{"cameraMode":{"drawMode":0,"name":"Shaded","section":"Shading Mode"},"sceneLighting":true,"audioPlay":false,"sceneViewState":{"showFog":true,"showMaterialUpdate":true,"showSkybox":true,"showFlares":true,"showImageEffects":true,"showParticleSystems":true,"showVisualEffectGraphs":true,"m_FxEnabled":true},"in2DMode":false,"pivot":{"x":5.582442760467529,"y":2.1287126541137697,"z":-12.292911529541016},"rotation":{"x":-0.14909207820892335,"y":0.02845623530447483,"z":-0.004286870360374451,"w":-0.9884255528450012},"size":3.419682025909424,"orthographic":false}